Workbook

Sheet الملخّص
A1: الملخّص التنفيذي — التكلفة التشغيلية التقنية (ريال)
A3: البند | B3: السنة 1 | C3: السنة 2 | D3: السنة 3 | E3: الإجمالي
A4: البنية التحتية | B4: ='البنية التحتية'!B12 | C4: ='البنية التحتية'!C12 | D4: ='البنية التحتية'!D12 | E4: =SUM(B4:D4)
A5: الذكاء الاصطناعي | B5: ='الذكاء الاصطناعي'!B8 | C5: ='الذكاء الاصطناعي'!C8 | D5: ='الذكاء الاصطناعي'!D8 | E5: =SUM(B5:D5)
A6: الفريق التقني | B6: ='الفريق التقني'!D8 | C6: ='الفريق التقني'!E8 | D6: ='الفريق التقني'!F8 | E6: =SUM(B6:D6)
A7: الأمن والأدوات | B7: ='الأمن والأدوات'!B8 | C7: ='الأمن والأدوات'!C8 | D7: ='الأمن والأدوات'!D8 | E7: =SUM(B7:D7)
A8: احتياطي طوارئ 10٪ | B8: =SUM(B4:B7)*$B$16 | C8: =SUM(C4:C7)*$B$16 | D8: =SUM(D4:D7)*$B$16 | E8: =SUM(B8:D8)
A9: الإجمالي النهائي | B9: =SUM(B4:B8) | C9: =SUM(C4:C8) | D9: =SUM(D4:D8) | E9: =SUM(B9:D9)
A11: الأطروحة الاستثمارية
A12: المؤشّر | B12: السنة 1 | C12: السنة 2 | D12: السنة 3
A13: الرحلات سنويًّا | B13: =الفرضيات!B7 | C13: =الفرضيات!C7 | D13: =الفرضيات!D7
A14: التكلفة التقنية لكل رحلة | B14: =B9/B13 | C14: =C9/C13 | D14: =D9/D13
A16: نسبة احتياطي الطوارئ | B16: 0.1
A18: بنود خارج هذه الوثيقة: رسوم بوّابة الدفع · ترخيص هيئة النقل · التسويق واكتساب المستخدمات · حوافز السائقات · المقرّ والإداريّون.

Sheet الفرضيات
A1: فرضيات النموّ — عدّل هنا وتتحدّث كل الأوراق
A3: المؤشّر | B3: السنة 1 | C3: السنة 2 | D3: السنة 3
A4: المدن المغطّاة | B4: 1 | C4: 3 | D4: 6
A5: مستخدمات نشطات شهريًّا | B5: 5000 | C5: 35000 | D5: 120000
A6: سائقات نشطات | B6: 150 | C6: 1200 | D6: 4000
A7: الرحلات سنويًّا | B7: 30000 | C7: 300000 | D7: 1000000
A9: الخلايا الذهبية = مدخلات قابلة للتعديل. الباقي في الأوراق الأخرى محسوب بصيغ.

Sheet البنية التحتية
A1: البنية التحتية والخدمات السحابية (ريال)
A3: الخدمة | B3: السنة 1 | C3: السنة 2 | D3: السنة 3
A4: Supabase — قاعدة البيانات والمصادقة والتخزين | B4: 2250 | C4: 11250 | D4: 34000
A5: Vercel — لوحة الإدارة وصفحة الهبوط | B5: 900 | C5: 2250 | D5: 4500
A6: Mapbox — الخرائط وحساب المسارات | B6: 5600 | C6: 45000 | D6: 135000
A7: Expo EAS — البناء والتحديث الفوري | B7: 4500 | C7: 4500 | D7: 9000
A8: رسائل التحقّق (~0.15 ريال/رسالة) | B8: 3000 | C8: 22500 | D8: 75000
A9: المراقبة وتتبّع الأعطال | B9: 1200 | C9: 2500 | D9: 5000
A10: متاجر التطبيقات والنطاق | B10: 700 | C10: 500 | D10: 500
A11: النسخ الاحتياطي والتعافي | B11: 2000 | C11: 5000 | D11: 10000
A12: الإجمالي | B12: =SUM(B4:B11) | C12: =SUM(C4:C11) | D12: =SUM(D4:D11)

Sheet الذكاء الاصطناعي
A1: الذكاء الاصطناعي (ريال)
A3: البند | B3: السنة 1 | C3: السنة 2 | D3: السنة 3
A4: استدعاءات النماذج اللغوية — مخطّط الرحلات والدعم | B4: 2250 | C4: 15000 | D4: 45000
A5: تدريب نموذج خاص (ضبط دقيق) | B5: 0 | C5: 56000 | D5: 112000
A6: وسم البيانات وإعدادها | B6: 0 | C6: 20000 | D6: 35000
A7: نماذج التنبّؤ — الطلب والتسعير والمطابقة | B7: 0 | C7: 25000 | D7: 55000
A8: الإجمالي | B8: =SUM(B4:B7) | C8: =SUM(C4:C7) | D8: =SUM(D4:D7)

Sheet الفريق التقني
A1: الفريق التقني — الراتب × 12 × العدد × أعباء التوظيف
A3: الدور | B3: الراتب/شهر | C3: العدد | D3: تكلفة س1 | E3: تكلفة س2 | F3: تكلفة س3
A4: قائد تقني (CTO) | B4: 18000 | C4: 1 | D4: =$B4*12*$C4*$B$11 | E4: =D4*(1+$B$12) | F4: =E4*(1+$B$12)
A5: مطوّر تقني (Full-stack) | B5: 13000 | C5: 1 | D5: =$B5*12*$C5*$B$11 | E5: =D5*(1+$B$12) | F5: =E5*(1+$B$12)
A6: مطوّر تقني مساعد | B6: 8000 | C6: 2 | D6: =$B6*12*$C6*$B$11 | E6: =D6*(1+$B$12) | F6: =E6*(1+$B$12)
A7: دعم فنّي | B7: 6000 | C7: 4 | D7: =$B7*12*$C7*$B$11 | E7: =D7*(1+$B$12) | F7: =E7*(1+$B$12)
A8: الإجمالي | C8: =SUM(C4:C7) | D8: =SUM(D4:D7) | E8: =SUM(E4:E7) | F8: =SUM(F4:F7)
A11: معامل أعباء التوظيف | B11: 1.2
A12: الزيادة السنوية | B12: 0.07
A14: فريق ثابت عبر السنوات الثلاث — دور واحد لكل تخصّص جوهري. ممكن لأنّ البنية تعتمد خدمات سحابية مُدارة، فلا حاجة لفريق تشغيل خوادم.

Sheet الأمن والأدوات
A1: الأمن والامتثال والأدوات (ريال)
A3: البند | B3: السنة 1 | C3: السنة 2 | D3: السنة 3
A4: اختبار اختراق ومراجعة أمنية | B4: 30000 | C4: 30000 | D4: 45000
A5: الامتثال لنظام حماية البيانات الشخصية | B5: 25000 | C5: 15000 | D5: 20000
A6: تراخيص الأدوات وبيئة العمل | B6: 15000 | C6: 35000 | D6: 60000
A7: أجهزة الفريق | B7: 50000 | C7: 35000 | D7: 50000
A8: الإجمالي | B8: =SUM(B4:B7) | C8: =SUM(C4:C7) | D8: =SUM(D4:D7)
